,label,level,tag,text,url
0,None,0,[document],NOT LEAF,https://www.snopes.com/fact-check/hillary-clinton-smash-phone-hammer/
1,None,1,html,NOT LEAF,https://www.snopes.com/fact-check/hillary-clinton-smash-phone-hammer/
2,None,2,head,NOT LEAF,https://www.snopes.com/fact-check/hillary-clinton-smash-phone-hammer/
3,None,3,meta,,https://www.snopes.com/fact-check/hillary-clinton-smash-phone-hammer/
4,None,3,meta,,https://www.snopes.com/fact-check/hillary-clinton-smash-phone-hammer/
5,None,3,meta,,https://www.snopes.com/fact-check/hillary-clinton-smash-phone-hammer/
6,None,3,title,NOT LEAF,https://www.snopes.com/fact-check/hillary-clinton-smash-phone-hammer/
7,None,3,meta,,https://www.snopes.com/fact-check/hillary-clinton-smash-phone-hammer/
8,None,3,meta,,https://www.snopes.com/fact-check/hillary-clinton-smash-phone-hammer/
9,None,3,meta,,https://www.snopes.com/fact-check/hillary-clinton-smash-phone-hammer/
10,None,3,link,,https://www.snopes.com/fact-check/hillary-clinton-smash-phone-hammer/
11,None,3,link,,https://www.snopes.com/fact-check/hillary-clinton-smash-phone-hammer/
12,None,3,meta,,https://www.snopes.com/fact-check/hillary-clinton-smash-phone-hammer/
13,None,3,meta,,https://www.snopes.com/fact-check/hillary-clinton-smash-phone-hammer/
14,None,3,meta,,https://www.snopes.com/fact-check/hillary-clinton-smash-phone-hammer/
15,None,3,meta,,https://www.snopes.com/fact-check/hillary-clinton-smash-phone-hammer/
16,None,3,meta,,https://www.snopes.com/fact-check/hillary-clinton-smash-phone-hammer/
17,None,3,meta,,https://www.snopes.com/fact-check/hillary-clinton-smash-phone-hammer/
18,None,3,meta,,https://www.snopes.com/fact-check/hillary-clinton-smash-phone-hammer/
19,None,3,meta,,https://www.snopes.com/fact-check/hillary-clinton-smash-phone-hammer/
20,None,3,meta,,https://www.snopes.com/fact-check/hillary-clinton-smash-phone-hammer/
21,None,3,meta,,https://www.snopes.com/fact-check/hillary-clinton-smash-phone-hammer/
22,None,3,meta,,https://www.snopes.com/fact-check/hillary-clinton-smash-phone-hammer/
23,None,3,meta,,https://www.snopes.com/fact-check/hillary-clinton-smash-phone-hammer/
24,None,3,meta,,https://www.snopes.com/fact-check/hillary-clinton-smash-phone-hammer/
25,None,3,meta,,https://www.snopes.com/fact-check/hillary-clinton-smash-phone-hammer/
26,None,3,meta,,https://www.snopes.com/fact-check/hillary-clinton-smash-phone-hammer/
27,None,3,meta,,https://www.snopes.com/fact-check/hillary-clinton-smash-phone-hammer/
28,None,3,meta,,https://www.snopes.com/fact-check/hillary-clinton-smash-phone-hammer/
29,None,3,meta,,https://www.snopes.com/fact-check/hillary-clinton-smash-phone-hammer/
30,None,3,link,,https://www.snopes.com/fact-check/hillary-clinton-smash-phone-hammer/
31,None,3,link,,https://www.snopes.com/fact-check/hillary-clinton-smash-phone-hammer/
32,None,3,link,,https://www.snopes.com/fact-check/hillary-clinton-smash-phone-hammer/
33,None,3,link,,https://www.snopes.com/fact-check/hillary-clinton-smash-phone-hammer/
34,None,3,link,,https://www.snopes.com/fact-check/hillary-clinton-smash-phone-hammer/
35,None,3,link,,https://www.snopes.com/fact-check/hillary-clinton-smash-phone-hammer/
36,None,3,link,,https://www.snopes.com/fact-check/hillary-clinton-smash-phone-hammer/
37,None,3,link,,https://www.snopes.com/fact-check/hillary-clinton-smash-phone-hammer/
38,None,3,link,,https://www.snopes.com/fact-check/hillary-clinton-smash-phone-hammer/
39,None,3,link,,https://www.snopes.com/fact-check/hillary-clinton-smash-phone-hammer/
40,None,3,link,,https://www.snopes.com/fact-check/hillary-clinton-smash-phone-hammer/
41,None,3,link,,https://www.snopes.com/fact-check/hillary-clinton-smash-phone-hammer/
42,None,3,link,,https://www.snopes.com/fact-check/hillary-clinton-smash-phone-hammer/
43,None,3,link,,https://www.snopes.com/fact-check/hillary-clinton-smash-phone-hammer/
44,None,3,link,,https://www.snopes.com/fact-check/hillary-clinton-smash-phone-hammer/
45,None,3,meta,,https://www.snopes.com/fact-check/hillary-clinton-smash-phone-hammer/
46,None,3,style,NOT LEAF,https://www.snopes.com/fact-check/hillary-clinton-smash-phone-hammer/
47,None,3,base,,https://www.snopes.com/fact-check/hillary-clinton-smash-phone-hammer/
48,None,2,body,NOT LEAF,https://www.snopes.com/fact-check/hillary-clinton-smash-phone-hammer/
49,None,3,noscript,NOT LEAF,https://www.snopes.com/fact-check/hillary-clinton-smash-phone-hammer/
50,None,4,iframe,,https://www.snopes.com/fact-check/hillary-clinton-smash-phone-hammer/
51,None,3,div,,https://www.snopes.com/fact-check/hillary-clinton-smash-phone-hammer/
52,None,3,div,NOT LEAF,https://www.snopes.com/fact-check/hillary-clinton-smash-phone-hammer/
53,None,4,div,NOT LEAF,https://www.snopes.com/fact-check/hillary-clinton-smash-phone-hammer/
54,None,5,span,,https://www.snopes.com/fact-check/hillary-clinton-smash-phone-hammer/
55,None,3,header,NOT LEAF,https://www.snopes.com/fact-check/hillary-clinton-smash-phone-hammer/
56,None,4,div,NOT LEAF,https://www.snopes.com/fact-check/hillary-clinton-smash-phone-hammer/
57,None,5,div,NOT LEAF,https://www.snopes.com/fact-check/hillary-clinton-smash-phone-hammer/
58,None,6,div,NOT LEAF,https://www.snopes.com/fact-check/hillary-clinton-smash-phone-hammer/
59,None,7,a,NOT LEAF,https://www.snopes.com/fact-check/hillary-clinton-smash-phone-hammer/
60,None,8,i,,https://www.snopes.com/fact-check/hillary-clinton-smash-phone-hammer/
61,None,7,a,NOT LEAF,https://www.snopes.com/fact-check/hillary-clinton-smash-phone-hammer/
62,None,8,img,,https://www.snopes.com/fact-check/hillary-clinton-smash-phone-hammer/
63,None,8,img,,https://www.snopes.com/fact-check/hillary-clinton-smash-phone-hammer/
64,None,7,div,NOT LEAF,https://www.snopes.com/fact-check/hillary-clinton-smash-phone-hammer/
65,None,8,form,NOT LEAF,https://www.snopes.com/fact-check/hillary-clinton-smash-phone-hammer/
66,None,9,div,NOT LEAF,https://www.snopes.com/fact-check/hillary-clinton-smash-phone-hammer/
67,None,10,div,NOT LEAF,https://www.snopes.com/fact-check/hillary-clinton-smash-phone-hammer/
68,None,11,input,,https://www.snopes.com/fact-check/hillary-clinton-smash-phone-hammer/
69,None,9,button,NOT LEAF,https://www.snopes.com/fact-check/hillary-clinton-smash-phone-hammer/
70,None,10,i,,https://www.snopes.com/fact-check/hillary-clinton-smash-phone-hammer/
71,None,8,a,NOT LEAF,https://www.snopes.com/fact-check/hillary-clinton-smash-phone-hammer/
72,None,9,i,,https://www.snopes.com/fact-check/hillary-clinton-smash-phone-hammer/
73,None,6,nav,NOT LEAF,https://www.snopes.com/fact-check/hillary-clinton-smash-phone-hammer/
74,None,7,ul,NOT LEAF,https://www.snopes.com/fact-check/hillary-clinton-smash-phone-hammer/
75,None,8,li,NOT LEAF,https://www.snopes.com/fact-check/hillary-clinton-smash-phone-hammer/
76,None,9,a,NOT LEAF,https://www.snopes.com/fact-check/hillary-clinton-smash-phone-hammer/
77,None,8,li,NOT LEAF,https://www.snopes.com/fact-check/hillary-clinton-smash-phone-hammer/
78,None,9,a,NOT LEAF,https://www.snopes.com/fact-check/hillary-clinton-smash-phone-hammer/
79,None,7,ul,NOT LEAF,https://www.snopes.com/fact-check/hillary-clinton-smash-phone-hammer/
80,None,8,li,NOT LEAF,https://www.snopes.com/fact-check/hillary-clinton-smash-phone-hammer/
81,None,9,a,NOT LEAF,https://www.snopes.com/fact-check/hillary-clinton-smash-phone-hammer/
82,None,10,i,,https://www.snopes.com/fact-check/hillary-clinton-smash-phone-hammer/
83,None,9,div,NOT LEAF,https://www.snopes.com/fact-check/hillary-clinton-smash-phone-hammer/
84,None,10,form,NOT LEAF,https://www.snopes.com/fact-check/hillary-clinton-smash-phone-hammer/
85,None,11,div,NOT LEAF,https://www.snopes.com/fact-check/hillary-clinton-smash-phone-hammer/
86,None,12,div,,https://www.snopes.com/fact-check/hillary-clinton-smash-phone-hammer/
87,None,12,input,,https://www.snopes.com/fact-check/hillary-clinton-smash-phone-hammer/
88,None,12,button,NOT LEAF,https://www.snopes.com/fact-check/hillary-clinton-smash-phone-hammer/
89,None,13,i,,https://www.snopes.com/fact-check/hillary-clinton-smash-phone-hammer/
90,None,10,a,NOT LEAF,https://www.snopes.com/fact-check/hillary-clinton-smash-phone-hammer/
91,None,11,i,,https://www.snopes.com/fact-check/hillary-clinton-smash-phone-hammer/
92,None,4,nav,NOT LEAF,https://www.snopes.com/fact-check/hillary-clinton-smash-phone-hammer/
93,None,5,div,NOT LEAF,https://www.snopes.com/fact-check/hillary-clinton-smash-phone-hammer/
94,None,6,ul,NOT LEAF,https://www.snopes.com/fact-check/hillary-clinton-smash-phone-hammer/
95,None,7,li,NOT LEAF,https://www.snopes.com/fact-check/hillary-clinton-smash-phone-hammer/
96,None,8,a,NOT LEAF,https://www.snopes.com/fact-check/hillary-clinton-smash-phone-hammer/
97,None,7,li,NOT LEAF,https://www.snopes.com/fact-check/hillary-clinton-smash-phone-hammer/
98,None,8,a,NOT LEAF,https://www.snopes.com/fact-check/hillary-clinton-smash-phone-hammer/
99,None,7,li,NOT LEAF,https://www.snopes.com/fact-check/hillary-clinton-smash-phone-hammer/
100,None,8,a,NOT LEAF,https://www.snopes.com/fact-check/hillary-clinton-smash-phone-hammer/
101,None,7,li,NOT LEAF,https://www.snopes.com/fact-check/hillary-clinton-smash-phone-hammer/
102,None,8,a,NOT LEAF,https://www.snopes.com/fact-check/hillary-clinton-smash-phone-hammer/
103,None,7,li,NOT LEAF,https://www.snopes.com/fact-check/hillary-clinton-smash-phone-hammer/
104,None,8,a,NOT LEAF,https://www.snopes.com/fact-check/hillary-clinton-smash-phone-hammer/
105,None,7,li,NOT LEAF,https://www.snopes.com/fact-check/hillary-clinton-smash-phone-hammer/
106,None,8,a,NOT LEAF,https://www.snopes.com/fact-check/hillary-clinton-smash-phone-hammer/
107,None,7,li,NOT LEAF,https://www.snopes.com/fact-check/hillary-clinton-smash-phone-hammer/
108,None,8,a,NOT LEAF,https://www.snopes.com/fact-check/hillary-clinton-smash-phone-hammer/
109,None,7,li,NOT LEAF,https://www.snopes.com/fact-check/hillary-clinton-smash-phone-hammer/
110,None,8,a,NOT LEAF,https://www.snopes.com/fact-check/hillary-clinton-smash-phone-hammer/
111,None,7,li,NOT LEAF,https://www.snopes.com/fact-check/hillary-clinton-smash-phone-hammer/
112,None,8,a,NOT LEAF,https://www.snopes.com/fact-check/hillary-clinton-smash-phone-hammer/
113,None,3,div,NOT LEAF,https://www.snopes.com/fact-check/hillary-clinton-smash-phone-hammer/
114,None,4,div,NOT LEAF,https://www.snopes.com/fact-check/hillary-clinton-smash-phone-hammer/
115,None,5,span,,https://www.snopes.com/fact-check/hillary-clinton-smash-phone-hammer/
116,None,5,span,NOT LEAF,https://www.snopes.com/fact-check/hillary-clinton-smash-phone-hammer/
117,None,6,span,NOT LEAF,https://www.snopes.com/fact-check/hillary-clinton-smash-phone-hammer/
118,None,5,span,,https://www.snopes.com/fact-check/hillary-clinton-smash-phone-hammer/
119,None,3,main,NOT LEAF,https://www.snopes.com/fact-check/hillary-clinton-smash-phone-hammer/
120,None,4,section,NOT LEAF,https://www.snopes.com/fact-check/hillary-clinton-smash-phone-hammer/
121,None,5,div,NOT LEAF,https://www.snopes.com/fact-check/hillary-clinton-smash-phone-hammer/
122,None,6,span,,https://www.snopes.com/fact-check/hillary-clinton-smash-phone-hammer/
123,None,6,div,NOT LEAF,https://www.snopes.com/fact-check/hillary-clinton-smash-phone-hammer/
124,None,7,div,NOT LEAF,https://www.snopes.com/fact-check/hillary-clinton-smash-phone-hammer/
125,None,8,div,NOT LEAF,https://www.snopes.com/fact-check/hillary-clinton-smash-phone-hammer/
126,None,9,span,,https://www.snopes.com/fact-check/hillary-clinton-smash-phone-hammer/
127,None,7,div,NOT LEAF,https://www.snopes.com/fact-check/hillary-clinton-smash-phone-hammer/
128,None,8,i,,https://www.snopes.com/fact-check/hillary-clinton-smash-phone-hammer/
129,None,8,ul,NOT LEAF,https://www.snopes.com/fact-check/hillary-clinton-smash-phone-hammer/
130,None,9,li,NOT LEAF,https://www.snopes.com/fact-check/hillary-clinton-smash-phone-hammer/
131,None,10,a,NOT LEAF,https://www.snopes.com/fact-check/hillary-clinton-smash-phone-hammer/
132,None,9,li,NOT LEAF,https://www.snopes.com/fact-check/hillary-clinton-smash-phone-hammer/
133,None,10,a,NOT LEAF,https://www.snopes.com/fact-check/hillary-clinton-smash-phone-hammer/
134,None,7,article,NOT LEAF,https://www.snopes.com/fact-check/hillary-clinton-smash-phone-hammer/
135,None,8,header,NOT LEAF,https://www.snopes.com/fact-check/hillary-clinton-smash-phone-hammer/
136,None,9,h1,NOT LEAF,https://www.snopes.com/fact-check/hillary-clinton-smash-phone-hammer/
137,None,9,h2,NOT LEAF,https://www.snopes.com/fact-check/hillary-clinton-smash-phone-hammer/
138,None,8,div,NOT LEAF,https://www.snopes.com/fact-check/hillary-clinton-smash-phone-hammer/
139,None,9,div,NOT LEAF,https://www.snopes.com/fact-check/hillary-clinton-smash-phone-hammer/
140,None,10,div,NOT LEAF,https://www.snopes.com/fact-check/hillary-clinton-smash-phone-hammer/
141,None,11,img,,https://www.snopes.com/fact-check/hillary-clinton-smash-phone-hammer/
142,None,11,div,,https://www.snopes.com/fact-check/hillary-clinton-smash-phone-hammer/
143,None,8,div,NOT LEAF,https://www.snopes.com/fact-check/hillary-clinton-smash-phone-hammer/
144,None,9,a,,https://www.snopes.com/fact-check/hillary-clinton-smash-phone-hammer/
145,None,8,div,NOT LEAF,https://www.snopes.com/fact-check/hillary-clinton-smash-phone-hammer/
146,None,9,div,NOT LEAF,https://www.snopes.com/fact-check/hillary-clinton-smash-phone-hammer/
147,None,10,span,,https://www.snopes.com/fact-check/hillary-clinton-smash-phone-hammer/
148,None,10,span,NOT LEAF,https://www.snopes.com/fact-check/hillary-clinton-smash-phone-hammer/
149,None,11,span,NOT LEAF,https://www.snopes.com/fact-check/hillary-clinton-smash-phone-hammer/
150,None,10,span,,https://www.snopes.com/fact-check/hillary-clinton-smash-phone-hammer/
151,None,8,div,NOT LEAF,https://www.snopes.com/fact-check/hillary-clinton-smash-phone-hammer/
152,None,9,span,,https://www.snopes.com/fact-check/hillary-clinton-smash-phone-hammer/
153,None,8,div,NOT LEAF,https://www.snopes.com/fact-check/hillary-clinton-smash-phone-hammer/
154,None,9,div,NOT LEAF,https://www.snopes.com/fact-check/hillary-clinton-smash-phone-hammer/
155,None,10,h3,NOT LEAF,https://www.snopes.com/fact-check/hillary-clinton-smash-phone-hammer/
156,None,11,span,NOT LEAF,https://www.snopes.com/fact-check/hillary-clinton-smash-phone-hammer/
157,None,10,p,NOT LEAF,https://www.snopes.com/fact-check/hillary-clinton-smash-phone-hammer/
158,None,10,h3,NOT LEAF,https://www.snopes.com/fact-check/hillary-clinton-smash-phone-hammer/
159,None,11,span,NOT LEAF,https://www.snopes.com/fact-check/hillary-clinton-smash-phone-hammer/
160,None,10,div,NOT LEAF,https://www.snopes.com/fact-check/hillary-clinton-smash-phone-hammer/
161,None,11,a,NOT LEAF,https://www.snopes.com/fact-check/hillary-clinton-smash-phone-hammer/
162,None,12,img,,https://www.snopes.com/fact-check/hillary-clinton-smash-phone-hammer/
163,None,12,span,NOT LEAF,https://www.snopes.com/fact-check/hillary-clinton-smash-phone-hammer/
164,None,10,div,NOT LEAF,https://www.snopes.com/fact-check/hillary-clinton-smash-phone-hammer/
165,None,11,div,NOT LEAF,https://www.snopes.com/fact-check/hillary-clinton-smash-phone-hammer/
166,None,12,span,,https://www.snopes.com/fact-check/hillary-clinton-smash-phone-hammer/
167,None,12,span,,https://www.snopes.com/fact-check/hillary-clinton-smash-phone-hammer/
168,None,10,h3,NOT LEAF,https://www.snopes.com/fact-check/hillary-clinton-smash-phone-hammer/
169,None,11,span,NOT LEAF,https://www.snopes.com/fact-check/hillary-clinton-smash-phone-hammer/
170,None,10,p,NOT LEAF,https://www.snopes.com/fact-check/hillary-clinton-smash-phone-hammer/
171,None,10,h3,NOT LEAF,https://www.snopes.com/fact-check/hillary-clinton-smash-phone-hammer/
172,None,11,span,NOT LEAF,https://www.snopes.com/fact-check/hillary-clinton-smash-phone-hammer/
173,None,10,p,NOT LEAF,https://www.snopes.com/fact-check/hillary-clinton-smash-phone-hammer/
174,None,10,h3,NOT LEAF,https://www.snopes.com/fact-check/hillary-clinton-smash-phone-hammer/
175,None,11,span,NOT LEAF,https://www.snopes.com/fact-check/hillary-clinton-smash-phone-hammer/
176,None,10,p,NOT LEAF,https://www.snopes.com/fact-check/hillary-clinton-smash-phone-hammer/
177,None,11,a,NOT LEAF,https://www.snopes.com/fact-check/hillary-clinton-smash-phone-hammer/
178,None,10,p,NOT LEAF,https://www.snopes.com/fact-check/hillary-clinton-smash-phone-hammer/
179,None,10,p,NOT LEAF,https://www.snopes.com/fact-check/hillary-clinton-smash-phone-hammer/
180,None,11,a,NOT LEAF,https://www.snopes.com/fact-check/hillary-clinton-smash-phone-hammer/
181,None,10,blockquote,NOT LEAF,https://www.snopes.com/fact-check/hillary-clinton-smash-phone-hammer/
182,None,11,p,NOT LEAF,https://www.snopes.com/fact-check/hillary-clinton-smash-phone-hammer/
183,None,11,p,NOT LEAF,https://www.snopes.com/fact-check/hillary-clinton-smash-phone-hammer/
184,None,12,a,NOT LEAF,https://www.snopes.com/fact-check/hillary-clinton-smash-phone-hammer/
185,None,10,div,NOT LEAF,https://www.snopes.com/fact-check/hillary-clinton-smash-phone-hammer/
186,None,11,div,NOT LEAF,https://www.snopes.com/fact-check/hillary-clinton-smash-phone-hammer/
187,None,12,span,,https://www.snopes.com/fact-check/hillary-clinton-smash-phone-hammer/
188,None,12,span,NOT LEAF,https://www.snopes.com/fact-check/hillary-clinton-smash-phone-hammer/
189,None,13,span,NOT LEAF,https://www.snopes.com/fact-check/hillary-clinton-smash-phone-hammer/
190,None,12,span,,https://www.snopes.com/fact-check/hillary-clinton-smash-phone-hammer/
191,None,10,p,NOT LEAF,https://www.snopes.com/fact-check/hillary-clinton-smash-phone-hammer/
192,None,10,p,NOT LEAF,https://www.snopes.com/fact-check/hillary-clinton-smash-phone-hammer/
193,None,10,p,NOT LEAF,https://www.snopes.com/fact-check/hillary-clinton-smash-phone-hammer/
194,None,11,a,NOT LEAF,https://www.snopes.com/fact-check/hillary-clinton-smash-phone-hammer/
195,None,10,p,NOT LEAF,https://www.snopes.com/fact-check/hillary-clinton-smash-phone-hammer/
196,None,11,em,NOT LEAF,https://www.snopes.com/fact-check/hillary-clinton-smash-phone-hammer/
197,None,11,a,NOT LEAF,https://www.snopes.com/fact-check/hillary-clinton-smash-phone-hammer/
198,None,10,blockquote,NOT LEAF,https://www.snopes.com/fact-check/hillary-clinton-smash-phone-hammer/
199,None,11,p,NOT LEAF,https://www.snopes.com/fact-check/hillary-clinton-smash-phone-hammer/
200,None,9,div,NOT LEAF,https://www.snopes.com/fact-check/hillary-clinton-smash-phone-hammer/
201,None,10,a,,https://www.snopes.com/fact-check/hillary-clinton-smash-phone-hammer/
202,None,9,div,NOT LEAF,https://www.snopes.com/fact-check/hillary-clinton-smash-phone-hammer/
203,None,10,p,NOT LEAF,https://www.snopes.com/fact-check/hillary-clinton-smash-phone-hammer/
204,None,10,p,NOT LEAF,https://www.snopes.com/fact-check/hillary-clinton-smash-phone-hammer/
205,None,11,a,NOT LEAF,https://www.snopes.com/fact-check/hillary-clinton-smash-phone-hammer/
206,None,9,div,NOT LEAF,https://www.snopes.com/fact-check/hillary-clinton-smash-phone-hammer/
207,None,10,div,NOT LEAF,https://www.snopes.com/fact-check/hillary-clinton-smash-phone-hammer/
208,None,11,span,,https://www.snopes.com/fact-check/hillary-clinton-smash-phone-hammer/
209,None,11,span,NOT LEAF,https://www.snopes.com/fact-check/hillary-clinton-smash-phone-hammer/
210,None,12,span,NOT LEAF,https://www.snopes.com/fact-check/hillary-clinton-smash-phone-hammer/
211,None,11,span,,https://www.snopes.com/fact-check/hillary-clinton-smash-phone-hammer/
212,None,9,div,NOT LEAF,https://www.snopes.com/fact-check/hillary-clinton-smash-phone-hammer/
213,None,10,span,,https://www.snopes.com/fact-check/hillary-clinton-smash-phone-hammer/
214,None,9,footer,NOT LEAF,https://www.snopes.com/fact-check/hillary-clinton-smash-phone-hammer/
215,None,10,div,NOT LEAF,https://www.snopes.com/fact-check/hillary-clinton-smash-phone-hammer/
216,None,11,div,NOT LEAF,https://www.snopes.com/fact-check/hillary-clinton-smash-phone-hammer/
217,None,12,a,NOT LEAF,https://www.snopes.com/fact-check/hillary-clinton-smash-phone-hammer/
218,None,12,a,NOT LEAF,https://www.snopes.com/fact-check/hillary-clinton-smash-phone-hammer/
219,None,11,p,NOT LEAF,https://www.snopes.com/fact-check/hillary-clinton-smash-phone-hammer/
220,None,12,span,NOT LEAF,https://www.snopes.com/fact-check/hillary-clinton-smash-phone-hammer/
221,None,12,a,NOT LEAF,https://www.snopes.com/fact-check/hillary-clinton-smash-phone-hammer/
222,None,11,p,NOT LEAF,https://www.snopes.com/fact-check/hillary-clinton-smash-phone-hammer/
223,None,12,span,NOT LEAF,https://www.snopes.com/fact-check/hillary-clinton-smash-phone-hammer/
224,None,12,a,NOT LEAF,https://www.snopes.com/fact-check/hillary-clinton-smash-phone-hammer/
225,None,11,p,NOT LEAF,https://www.snopes.com/fact-check/hillary-clinton-smash-phone-hammer/
226,None,12,span,NOT LEAF,https://www.snopes.com/fact-check/hillary-clinton-smash-phone-hammer/
227,None,12,span,NOT LEAF,https://www.snopes.com/fact-check/hillary-clinton-smash-phone-hammer/
228,None,13,span,,https://www.snopes.com/fact-check/hillary-clinton-smash-phone-hammer/
229,None,10,div,NOT LEAF,https://www.snopes.com/fact-check/hillary-clinton-smash-phone-hammer/
230,None,11,p,NOT LEAF,https://www.snopes.com/fact-check/hillary-clinton-smash-phone-hammer/
231,None,12,br,,https://www.snopes.com/fact-check/hillary-clinton-smash-phone-hammer/
232,None,12,em,NOT LEAF,https://www.snopes.com/fact-check/hillary-clinton-smash-phone-hammer/
233,None,11,p,NOT LEAF,https://www.snopes.com/fact-check/hillary-clinton-smash-phone-hammer/
234,None,12,br,,https://www.snopes.com/fact-check/hillary-clinton-smash-phone-hammer/
235,None,12,em,NOT LEAF,https://www.snopes.com/fact-check/hillary-clinton-smash-phone-hammer/
236,None,11,p,NOT LEAF,https://www.snopes.com/fact-check/hillary-clinton-smash-phone-hammer/
237,None,12,br,,https://www.snopes.com/fact-check/hillary-clinton-smash-phone-hammer/
238,None,12,em,NOT LEAF,https://www.snopes.com/fact-check/hillary-clinton-smash-phone-hammer/
239,None,11,p,NOT LEAF,https://www.snopes.com/fact-check/hillary-clinton-smash-phone-hammer/
240,None,12,br,,https://www.snopes.com/fact-check/hillary-clinton-smash-phone-hammer/
241,None,12,em,NOT LEAF,https://www.snopes.com/fact-check/hillary-clinton-smash-phone-hammer/
242,None,9,div,NOT LEAF,https://www.snopes.com/fact-check/hillary-clinton-smash-phone-hammer/
243,None,10,div,NOT LEAF,https://www.snopes.com/fact-check/hillary-clinton-smash-phone-hammer/
244,None,11,h3,NOT LEAF,https://www.snopes.com/fact-check/hillary-clinton-smash-phone-hammer/
245,None,10,div,NOT LEAF,https://www.snopes.com/fact-check/hillary-clinton-smash-phone-hammer/
246,None,11,article,NOT LEAF,https://www.snopes.com/fact-check/hillary-clinton-smash-phone-hammer/
247,None,12,a,NOT LEAF,https://www.snopes.com/fact-check/hillary-clinton-smash-phone-hammer/
248,None,13,div,NOT LEAF,https://www.snopes.com/fact-check/hillary-clinton-smash-phone-hammer/
249,None,14,div,,https://www.snopes.com/fact-check/hillary-clinton-smash-phone-hammer/
250,None,13,div,NOT LEAF,https://www.snopes.com/fact-check/hillary-clinton-smash-phone-hammer/
251,None,14,div,NOT LEAF,https://www.snopes.com/fact-check/hillary-clinton-smash-phone-hammer/
252,None,15,i,,https://www.snopes.com/fact-check/hillary-clinton-smash-phone-hammer/
253,None,14,h2,NOT LEAF,https://www.snopes.com/fact-check/hillary-clinton-smash-phone-hammer/
254,None,14,p,NOT LEAF,https://www.snopes.com/fact-check/hillary-clinton-smash-phone-hammer/
255,None,15,span,NOT LEAF,https://www.snopes.com/fact-check/hillary-clinton-smash-phone-hammer/
256,None,11,hr,,https://www.snopes.com/fact-check/hillary-clinton-smash-phone-hammer/
257,None,11,article,NOT LEAF,https://www.snopes.com/fact-check/hillary-clinton-smash-phone-hammer/
258,None,12,a,NOT LEAF,https://www.snopes.com/fact-check/hillary-clinton-smash-phone-hammer/
259,None,13,div,NOT LEAF,https://www.snopes.com/fact-check/hillary-clinton-smash-phone-hammer/
260,None,14,div,,https://www.snopes.com/fact-check/hillary-clinton-smash-phone-hammer/
261,None,13,div,NOT LEAF,https://www.snopes.com/fact-check/hillary-clinton-smash-phone-hammer/
262,None,14,div,NOT LEAF,https://www.snopes.com/fact-check/hillary-clinton-smash-phone-hammer/
263,None,14,h2,NOT LEAF,https://www.snopes.com/fact-check/hillary-clinton-smash-phone-hammer/
264,None,14,p,NOT LEAF,https://www.snopes.com/fact-check/hillary-clinton-smash-phone-hammer/
265,None,15,span,NOT LEAF,https://www.snopes.com/fact-check/hillary-clinton-smash-phone-hammer/
266,None,11,hr,,https://www.snopes.com/fact-check/hillary-clinton-smash-phone-hammer/
267,None,11,article,NOT LEAF,https://www.snopes.com/fact-check/hillary-clinton-smash-phone-hammer/
268,None,12,a,NOT LEAF,https://www.snopes.com/fact-check/hillary-clinton-smash-phone-hammer/
269,None,13,div,NOT LEAF,https://www.snopes.com/fact-check/hillary-clinton-smash-phone-hammer/
270,None,14,div,,https://www.snopes.com/fact-check/hillary-clinton-smash-phone-hammer/
271,None,13,div,NOT LEAF,https://www.snopes.com/fact-check/hillary-clinton-smash-phone-hammer/
272,None,14,div,NOT LEAF,https://www.snopes.com/fact-check/hillary-clinton-smash-phone-hammer/
273,None,14,h2,NOT LEAF,https://www.snopes.com/fact-check/hillary-clinton-smash-phone-hammer/
274,None,14,p,NOT LEAF,https://www.snopes.com/fact-check/hillary-clinton-smash-phone-hammer/
275,None,15,span,NOT LEAF,https://www.snopes.com/fact-check/hillary-clinton-smash-phone-hammer/
276,None,11,hr,,https://www.snopes.com/fact-check/hillary-clinton-smash-phone-hammer/
277,None,11,article,NOT LEAF,https://www.snopes.com/fact-check/hillary-clinton-smash-phone-hammer/
278,None,12,a,NOT LEAF,https://www.snopes.com/fact-check/hillary-clinton-smash-phone-hammer/
279,None,13,div,NOT LEAF,https://www.snopes.com/fact-check/hillary-clinton-smash-phone-hammer/
280,None,14,div,,https://www.snopes.com/fact-check/hillary-clinton-smash-phone-hammer/
281,None,13,div,NOT LEAF,https://www.snopes.com/fact-check/hillary-clinton-smash-phone-hammer/
282,None,14,div,NOT LEAF,https://www.snopes.com/fact-check/hillary-clinton-smash-phone-hammer/
283,None,14,h2,NOT LEAF,https://www.snopes.com/fact-check/hillary-clinton-smash-phone-hammer/
284,None,14,p,NOT LEAF,https://www.snopes.com/fact-check/hillary-clinton-smash-phone-hammer/
285,None,15,span,NOT LEAF,https://www.snopes.com/fact-check/hillary-clinton-smash-phone-hammer/
286,None,11,hr,,https://www.snopes.com/fact-check/hillary-clinton-smash-phone-hammer/
287,None,11,article,NOT LEAF,https://www.snopes.com/fact-check/hillary-clinton-smash-phone-hammer/
288,None,12,a,NOT LEAF,https://www.snopes.com/fact-check/hillary-clinton-smash-phone-hammer/
289,None,13,div,NOT LEAF,https://www.snopes.com/fact-check/hillary-clinton-smash-phone-hammer/
290,None,14,div,,https://www.snopes.com/fact-check/hillary-clinton-smash-phone-hammer/
291,None,13,div,NOT LEAF,https://www.snopes.com/fact-check/hillary-clinton-smash-phone-hammer/
292,None,14,div,NOT LEAF,https://www.snopes.com/fact-check/hillary-clinton-smash-phone-hammer/
293,None,14,h2,NOT LEAF,https://www.snopes.com/fact-check/hillary-clinton-smash-phone-hammer/
294,None,14,p,NOT LEAF,https://www.snopes.com/fact-check/hillary-clinton-smash-phone-hammer/
295,None,15,span,NOT LEAF,https://www.snopes.com/fact-check/hillary-clinton-smash-phone-hammer/
296,None,11,hr,,https://www.snopes.com/fact-check/hillary-clinton-smash-phone-hammer/
297,None,11,article,NOT LEAF,https://www.snopes.com/fact-check/hillary-clinton-smash-phone-hammer/
298,None,12,a,NOT LEAF,https://www.snopes.com/fact-check/hillary-clinton-smash-phone-hammer/
299,None,13,div,NOT LEAF,https://www.snopes.com/fact-check/hillary-clinton-smash-phone-hammer/
300,None,14,div,,https://www.snopes.com/fact-check/hillary-clinton-smash-phone-hammer/
301,None,13,div,NOT LEAF,https://www.snopes.com/fact-check/hillary-clinton-smash-phone-hammer/
302,None,14,div,NOT LEAF,https://www.snopes.com/fact-check/hillary-clinton-smash-phone-hammer/
303,None,14,h2,NOT LEAF,https://www.snopes.com/fact-check/hillary-clinton-smash-phone-hammer/
304,None,14,p,NOT LEAF,https://www.snopes.com/fact-check/hillary-clinton-smash-phone-hammer/
305,None,15,span,NOT LEAF,https://www.snopes.com/fact-check/hillary-clinton-smash-phone-hammer/
306,None,11,hr,,https://www.snopes.com/fact-check/hillary-clinton-smash-phone-hammer/
307,None,11,article,NOT LEAF,https://www.snopes.com/fact-check/hillary-clinton-smash-phone-hammer/
308,None,12,a,NOT LEAF,https://www.snopes.com/fact-check/hillary-clinton-smash-phone-hammer/
309,None,13,div,NOT LEAF,https://www.snopes.com/fact-check/hillary-clinton-smash-phone-hammer/
310,None,14,div,,https://www.snopes.com/fact-check/hillary-clinton-smash-phone-hammer/
311,None,13,div,NOT LEAF,https://www.snopes.com/fact-check/hillary-clinton-smash-phone-hammer/
312,None,14,div,NOT LEAF,https://www.snopes.com/fact-check/hillary-clinton-smash-phone-hammer/
313,None,15,i,,https://www.snopes.com/fact-check/hillary-clinton-smash-phone-hammer/
314,None,14,h2,NOT LEAF,https://www.snopes.com/fact-check/hillary-clinton-smash-phone-hammer/
315,None,14,p,NOT LEAF,https://www.snopes.com/fact-check/hillary-clinton-smash-phone-hammer/
316,None,15,span,NOT LEAF,https://www.snopes.com/fact-check/hillary-clinton-smash-phone-hammer/
317,None,11,hr,,https://www.snopes.com/fact-check/hillary-clinton-smash-phone-hammer/
318,None,11,article,NOT LEAF,https://www.snopes.com/fact-check/hillary-clinton-smash-phone-hammer/
319,None,12,a,NOT LEAF,https://www.snopes.com/fact-check/hillary-clinton-smash-phone-hammer/
320,None,13,div,NOT LEAF,https://www.snopes.com/fact-check/hillary-clinton-smash-phone-hammer/
321,None,14,div,,https://www.snopes.com/fact-check/hillary-clinton-smash-phone-hammer/
322,None,13,div,NOT LEAF,https://www.snopes.com/fact-check/hillary-clinton-smash-phone-hammer/
323,None,14,div,NOT LEAF,https://www.snopes.com/fact-check/hillary-clinton-smash-phone-hammer/
324,None,15,i,,https://www.snopes.com/fact-check/hillary-clinton-smash-phone-hammer/
325,None,14,h2,NOT LEAF,https://www.snopes.com/fact-check/hillary-clinton-smash-phone-hammer/
326,None,14,p,NOT LEAF,https://www.snopes.com/fact-check/hillary-clinton-smash-phone-hammer/
327,None,15,span,NOT LEAF,https://www.snopes.com/fact-check/hillary-clinton-smash-phone-hammer/
328,None,11,hr,,https://www.snopes.com/fact-check/hillary-clinton-smash-phone-hammer/
329,None,6,aside,NOT LEAF,https://www.snopes.com/fact-check/hillary-clinton-smash-phone-hammer/
330,None,7,div,NOT LEAF,https://www.snopes.com/fact-check/hillary-clinton-smash-phone-hammer/
331,None,8,div,NOT LEAF,https://www.snopes.com/fact-check/hillary-clinton-smash-phone-hammer/
332,None,9,div,NOT LEAF,https://www.snopes.com/fact-check/hillary-clinton-smash-phone-hammer/
333,None,10,span,,https://www.snopes.com/fact-check/hillary-clinton-smash-phone-hammer/
334,None,10,span,NOT LEAF,https://www.snopes.com/fact-check/hillary-clinton-smash-phone-hammer/
335,None,11,span,NOT LEAF,https://www.snopes.com/fact-check/hillary-clinton-smash-phone-hammer/
336,None,10,span,,https://www.snopes.com/fact-check/hillary-clinton-smash-phone-hammer/
337,None,8,span,,https://www.snopes.com/fact-check/hillary-clinton-smash-phone-hammer/
338,None,7,div,NOT LEAF,https://www.snopes.com/fact-check/hillary-clinton-smash-phone-hammer/
339,None,8,div,NOT LEAF,https://www.snopes.com/fact-check/hillary-clinton-smash-phone-hammer/
340,None,9,a,NOT LEAF,https://www.snopes.com/fact-check/hillary-clinton-smash-phone-hammer/
341,None,10,i,,https://www.snopes.com/fact-check/hillary-clinton-smash-phone-hammer/
342,None,9,h3,NOT LEAF,https://www.snopes.com/fact-check/hillary-clinton-smash-phone-hammer/
343,None,8,div,NOT LEAF,https://www.snopes.com/fact-check/hillary-clinton-smash-phone-hammer/
344,None,9,article,NOT LEAF,https://www.snopes.com/fact-check/hillary-clinton-smash-phone-hammer/
345,None,10,a,NOT LEAF,https://www.snopes.com/fact-check/hillary-clinton-smash-phone-hammer/
346,None,11,div,NOT LEAF,https://www.snopes.com/fact-check/hillary-clinton-smash-phone-hammer/
347,None,12,div,NOT LEAF,https://www.snopes.com/fact-check/hillary-clinton-smash-phone-hammer/
348,None,13,i,,https://www.snopes.com/fact-check/hillary-clinton-smash-phone-hammer/
349,None,12,h4,NOT LEAF,https://www.snopes.com/fact-check/hillary-clinton-smash-phone-hammer/
350,None,12,div,NOT LEAF,https://www.snopes.com/fact-check/hillary-clinton-smash-phone-hammer/
351,None,13,i,,https://www.snopes.com/fact-check/hillary-clinton-smash-phone-hammer/
352,None,12,p,NOT LEAF,https://www.snopes.com/fact-check/hillary-clinton-smash-phone-hammer/
353,None,13,span,NOT LEAF,https://www.snopes.com/fact-check/hillary-clinton-smash-phone-hammer/
354,None,9,hr,,https://www.snopes.com/fact-check/hillary-clinton-smash-phone-hammer/
355,None,9,article,NOT LEAF,https://www.snopes.com/fact-check/hillary-clinton-smash-phone-hammer/
356,None,10,a,NOT LEAF,https://www.snopes.com/fact-check/hillary-clinton-smash-phone-hammer/
357,None,11,div,NOT LEAF,https://www.snopes.com/fact-check/hillary-clinton-smash-phone-hammer/
358,None,12,div,NOT LEAF,https://www.snopes.com/fact-check/hillary-clinton-smash-phone-hammer/
359,None,13,i,,https://www.snopes.com/fact-check/hillary-clinton-smash-phone-hammer/
360,None,12,h4,NOT LEAF,https://www.snopes.com/fact-check/hillary-clinton-smash-phone-hammer/
361,None,12,div,NOT LEAF,https://www.snopes.com/fact-check/hillary-clinton-smash-phone-hammer/
362,None,13,i,,https://www.snopes.com/fact-check/hillary-clinton-smash-phone-hammer/
363,None,12,p,NOT LEAF,https://www.snopes.com/fact-check/hillary-clinton-smash-phone-hammer/
364,None,13,span,NOT LEAF,https://www.snopes.com/fact-check/hillary-clinton-smash-phone-hammer/
365,None,9,hr,,https://www.snopes.com/fact-check/hillary-clinton-smash-phone-hammer/
366,None,9,article,NOT LEAF,https://www.snopes.com/fact-check/hillary-clinton-smash-phone-hammer/
367,None,10,a,NOT LEAF,https://www.snopes.com/fact-check/hillary-clinton-smash-phone-hammer/
368,None,11,div,NOT LEAF,https://www.snopes.com/fact-check/hillary-clinton-smash-phone-hammer/
369,None,12,div,NOT LEAF,https://www.snopes.com/fact-check/hillary-clinton-smash-phone-hammer/
370,None,13,i,,https://www.snopes.com/fact-check/hillary-clinton-smash-phone-hammer/
371,None,12,h4,NOT LEAF,https://www.snopes.com/fact-check/hillary-clinton-smash-phone-hammer/
372,None,12,div,NOT LEAF,https://www.snopes.com/fact-check/hillary-clinton-smash-phone-hammer/
373,None,13,i,,https://www.snopes.com/fact-check/hillary-clinton-smash-phone-hammer/
374,None,12,p,NOT LEAF,https://www.snopes.com/fact-check/hillary-clinton-smash-phone-hammer/
375,None,13,span,NOT LEAF,https://www.snopes.com/fact-check/hillary-clinton-smash-phone-hammer/
376,None,9,hr,,https://www.snopes.com/fact-check/hillary-clinton-smash-phone-hammer/
377,None,9,article,NOT LEAF,https://www.snopes.com/fact-check/hillary-clinton-smash-phone-hammer/
378,None,10,a,NOT LEAF,https://www.snopes.com/fact-check/hillary-clinton-smash-phone-hammer/
379,None,11,div,NOT LEAF,https://www.snopes.com/fact-check/hillary-clinton-smash-phone-hammer/
380,None,12,div,NOT LEAF,https://www.snopes.com/fact-check/hillary-clinton-smash-phone-hammer/
381,None,13,i,,https://www.snopes.com/fact-check/hillary-clinton-smash-phone-hammer/
382,None,12,h4,NOT LEAF,https://www.snopes.com/fact-check/hillary-clinton-smash-phone-hammer/
383,None,12,div,NOT LEAF,https://www.snopes.com/fact-check/hillary-clinton-smash-phone-hammer/
384,None,13,i,,https://www.snopes.com/fact-check/hillary-clinton-smash-phone-hammer/
385,None,12,p,NOT LEAF,https://www.snopes.com/fact-check/hillary-clinton-smash-phone-hammer/
386,None,13,span,NOT LEAF,https://www.snopes.com/fact-check/hillary-clinton-smash-phone-hammer/
387,None,9,hr,,https://www.snopes.com/fact-check/hillary-clinton-smash-phone-hammer/
388,None,9,article,NOT LEAF,https://www.snopes.com/fact-check/hillary-clinton-smash-phone-hammer/
389,None,10,a,NOT LEAF,https://www.snopes.com/fact-check/hillary-clinton-smash-phone-hammer/
390,None,11,div,NOT LEAF,https://www.snopes.com/fact-check/hillary-clinton-smash-phone-hammer/
391,None,12,div,NOT LEAF,https://www.snopes.com/fact-check/hillary-clinton-smash-phone-hammer/
392,None,13,i,,https://www.snopes.com/fact-check/hillary-clinton-smash-phone-hammer/
393,None,12,h4,NOT LEAF,https://www.snopes.com/fact-check/hillary-clinton-smash-phone-hammer/
394,None,12,div,NOT LEAF,https://www.snopes.com/fact-check/hillary-clinton-smash-phone-hammer/
395,None,13,i,,https://www.snopes.com/fact-check/hillary-clinton-smash-phone-hammer/
396,None,12,p,NOT LEAF,https://www.snopes.com/fact-check/hillary-clinton-smash-phone-hammer/
397,None,13,span,NOT LEAF,https://www.snopes.com/fact-check/hillary-clinton-smash-phone-hammer/
398,None,9,hr,,https://www.snopes.com/fact-check/hillary-clinton-smash-phone-hammer/
399,None,7,div,NOT LEAF,https://www.snopes.com/fact-check/hillary-clinton-smash-phone-hammer/
400,None,8,div,NOT LEAF,https://www.snopes.com/fact-check/hillary-clinton-smash-phone-hammer/
401,None,9,div,NOT LEAF,https://www.snopes.com/fact-check/hillary-clinton-smash-phone-hammer/
402,None,10,span,,https://www.snopes.com/fact-check/hillary-clinton-smash-phone-hammer/
403,None,10,span,NOT LEAF,https://www.snopes.com/fact-check/hillary-clinton-smash-phone-hammer/
404,None,11,span,NOT LEAF,https://www.snopes.com/fact-check/hillary-clinton-smash-phone-hammer/
405,None,10,span,,https://www.snopes.com/fact-check/hillary-clinton-smash-phone-hammer/
406,None,8,span,,https://www.snopes.com/fact-check/hillary-clinton-smash-phone-hammer/
407,None,7,div,NOT LEAF,https://www.snopes.com/fact-check/hillary-clinton-smash-phone-hammer/
408,None,8,div,NOT LEAF,https://www.snopes.com/fact-check/hillary-clinton-smash-phone-hammer/
409,None,9,a,NOT LEAF,https://www.snopes.com/fact-check/hillary-clinton-smash-phone-hammer/
410,None,10,i,,https://www.snopes.com/fact-check/hillary-clinton-smash-phone-hammer/
411,None,9,h3,NOT LEAF,https://www.snopes.com/fact-check/hillary-clinton-smash-phone-hammer/
412,None,8,div,NOT LEAF,https://www.snopes.com/fact-check/hillary-clinton-smash-phone-hammer/
413,None,9,article,NOT LEAF,https://www.snopes.com/fact-check/hillary-clinton-smash-phone-hammer/
414,None,10,a,NOT LEAF,https://www.snopes.com/fact-check/hillary-clinton-smash-phone-hammer/
415,None,11,div,NOT LEAF,https://www.snopes.com/fact-check/hillary-clinton-smash-phone-hammer/
416,None,12,div,NOT LEAF,https://www.snopes.com/fact-check/hillary-clinton-smash-phone-hammer/
417,None,13,i,,https://www.snopes.com/fact-check/hillary-clinton-smash-phone-hammer/
418,None,12,h4,NOT LEAF,https://www.snopes.com/fact-check/hillary-clinton-smash-phone-hammer/
419,None,12,div,NOT LEAF,https://www.snopes.com/fact-check/hillary-clinton-smash-phone-hammer/
420,None,13,i,,https://www.snopes.com/fact-check/hillary-clinton-smash-phone-hammer/
421,None,12,p,NOT LEAF,https://www.snopes.com/fact-check/hillary-clinton-smash-phone-hammer/
422,None,13,span,NOT LEAF,https://www.snopes.com/fact-check/hillary-clinton-smash-phone-hammer/
423,None,9,hr,,https://www.snopes.com/fact-check/hillary-clinton-smash-phone-hammer/
424,None,9,article,NOT LEAF,https://www.snopes.com/fact-check/hillary-clinton-smash-phone-hammer/
425,None,10,a,NOT LEAF,https://www.snopes.com/fact-check/hillary-clinton-smash-phone-hammer/
426,None,11,div,NOT LEAF,https://www.snopes.com/fact-check/hillary-clinton-smash-phone-hammer/
427,None,12,div,NOT LEAF,https://www.snopes.com/fact-check/hillary-clinton-smash-phone-hammer/
428,None,13,i,,https://www.snopes.com/fact-check/hillary-clinton-smash-phone-hammer/
429,None,12,h4,NOT LEAF,https://www.snopes.com/fact-check/hillary-clinton-smash-phone-hammer/
430,None,12,div,NOT LEAF,https://www.snopes.com/fact-check/hillary-clinton-smash-phone-hammer/
431,None,13,i,,https://www.snopes.com/fact-check/hillary-clinton-smash-phone-hammer/
432,None,12,p,NOT LEAF,https://www.snopes.com/fact-check/hillary-clinton-smash-phone-hammer/
433,None,13,span,NOT LEAF,https://www.snopes.com/fact-check/hillary-clinton-smash-phone-hammer/
434,None,9,hr,,https://www.snopes.com/fact-check/hillary-clinton-smash-phone-hammer/
435,None,9,article,NOT LEAF,https://www.snopes.com/fact-check/hillary-clinton-smash-phone-hammer/
436,None,10,a,NOT LEAF,https://www.snopes.com/fact-check/hillary-clinton-smash-phone-hammer/
437,None,11,div,NOT LEAF,https://www.snopes.com/fact-check/hillary-clinton-smash-phone-hammer/
438,None,12,div,NOT LEAF,https://www.snopes.com/fact-check/hillary-clinton-smash-phone-hammer/
439,None,13,i,,https://www.snopes.com/fact-check/hillary-clinton-smash-phone-hammer/
440,None,12,h4,NOT LEAF,https://www.snopes.com/fact-check/hillary-clinton-smash-phone-hammer/
441,None,12,div,NOT LEAF,https://www.snopes.com/fact-check/hillary-clinton-smash-phone-hammer/
442,None,13,i,,https://www.snopes.com/fact-check/hillary-clinton-smash-phone-hammer/
443,None,12,p,NOT LEAF,https://www.snopes.com/fact-check/hillary-clinton-smash-phone-hammer/
444,None,13,span,NOT LEAF,https://www.snopes.com/fact-check/hillary-clinton-smash-phone-hammer/
445,None,9,hr,,https://www.snopes.com/fact-check/hillary-clinton-smash-phone-hammer/
446,None,9,article,NOT LEAF,https://www.snopes.com/fact-check/hillary-clinton-smash-phone-hammer/
447,None,10,a,NOT LEAF,https://www.snopes.com/fact-check/hillary-clinton-smash-phone-hammer/
448,None,11,div,NOT LEAF,https://www.snopes.com/fact-check/hillary-clinton-smash-phone-hammer/
449,None,12,div,NOT LEAF,https://www.snopes.com/fact-check/hillary-clinton-smash-phone-hammer/
450,None,13,i,,https://www.snopes.com/fact-check/hillary-clinton-smash-phone-hammer/
451,None,12,h4,NOT LEAF,https://www.snopes.com/fact-check/hillary-clinton-smash-phone-hammer/
452,None,12,div,NOT LEAF,https://www.snopes.com/fact-check/hillary-clinton-smash-phone-hammer/
453,None,13,i,,https://www.snopes.com/fact-check/hillary-clinton-smash-phone-hammer/
454,None,12,p,NOT LEAF,https://www.snopes.com/fact-check/hillary-clinton-smash-phone-hammer/
455,None,13,span,NOT LEAF,https://www.snopes.com/fact-check/hillary-clinton-smash-phone-hammer/
456,None,9,hr,,https://www.snopes.com/fact-check/hillary-clinton-smash-phone-hammer/
457,None,9,article,NOT LEAF,https://www.snopes.com/fact-check/hillary-clinton-smash-phone-hammer/
458,None,10,a,NOT LEAF,https://www.snopes.com/fact-check/hillary-clinton-smash-phone-hammer/
459,None,11,div,NOT LEAF,https://www.snopes.com/fact-check/hillary-clinton-smash-phone-hammer/
460,None,12,div,NOT LEAF,https://www.snopes.com/fact-check/hillary-clinton-smash-phone-hammer/
461,None,13,i,,https://www.snopes.com/fact-check/hillary-clinton-smash-phone-hammer/
462,None,12,h4,NOT LEAF,https://www.snopes.com/fact-check/hillary-clinton-smash-phone-hammer/
463,None,12,div,NOT LEAF,https://www.snopes.com/fact-check/hillary-clinton-smash-phone-hammer/
464,None,13,i,,https://www.snopes.com/fact-check/hillary-clinton-smash-phone-hammer/
465,None,12,p,NOT LEAF,https://www.snopes.com/fact-check/hillary-clinton-smash-phone-hammer/
466,None,13,span,NOT LEAF,https://www.snopes.com/fact-check/hillary-clinton-smash-phone-hammer/
467,None,9,hr,,https://www.snopes.com/fact-check/hillary-clinton-smash-phone-hammer/
468,None,7,div,NOT LEAF,https://www.snopes.com/fact-check/hillary-clinton-smash-phone-hammer/
469,None,8,div,,https://www.snopes.com/fact-check/hillary-clinton-smash-phone-hammer/
470,None,7,div,NOT LEAF,https://www.snopes.com/fact-check/hillary-clinton-smash-phone-hammer/
471,None,8,div,NOT LEAF,https://www.snopes.com/fact-check/hillary-clinton-smash-phone-hammer/
472,None,9,div,NOT LEAF,https://www.snopes.com/fact-check/hillary-clinton-smash-phone-hammer/
473,None,10,span,,https://www.snopes.com/fact-check/hillary-clinton-smash-phone-hammer/
474,None,10,span,NOT LEAF,https://www.snopes.com/fact-check/hillary-clinton-smash-phone-hammer/
475,None,11,span,NOT LEAF,https://www.snopes.com/fact-check/hillary-clinton-smash-phone-hammer/
476,None,10,span,,https://www.snopes.com/fact-check/hillary-clinton-smash-phone-hammer/
477,None,8,div,NOT LEAF,https://www.snopes.com/fact-check/hillary-clinton-smash-phone-hammer/
478,None,9,span,,https://www.snopes.com/fact-check/hillary-clinton-smash-phone-hammer/
479,None,6,span,,https://www.snopes.com/fact-check/hillary-clinton-smash-phone-hammer/
480,None,3,div,NOT LEAF,https://www.snopes.com/fact-check/hillary-clinton-smash-phone-hammer/
481,None,4,div,NOT LEAF,https://www.snopes.com/fact-check/hillary-clinton-smash-phone-hammer/
482,None,5,span,,https://www.snopes.com/fact-check/hillary-clinton-smash-phone-hammer/
483,None,5,span,NOT LEAF,https://www.snopes.com/fact-check/hillary-clinton-smash-phone-hammer/
484,None,6,span,NOT LEAF,https://www.snopes.com/fact-check/hillary-clinton-smash-phone-hammer/
485,None,5,span,,https://www.snopes.com/fact-check/hillary-clinton-smash-phone-hammer/
486,None,3,footer,NOT LEAF,https://www.snopes.com/fact-check/hillary-clinton-smash-phone-hammer/
487,None,4,div,NOT LEAF,https://www.snopes.com/fact-check/hillary-clinton-smash-phone-hammer/
488,None,5,nav,NOT LEAF,https://www.snopes.com/fact-check/hillary-clinton-smash-phone-hammer/
489,None,6,div,NOT LEAF,https://www.snopes.com/fact-check/hillary-clinton-smash-phone-hammer/
490,None,7,ul,NOT LEAF,https://www.snopes.com/fact-check/hillary-clinton-smash-phone-hammer/
491,None,8,li,NOT LEAF,https://www.snopes.com/fact-check/hillary-clinton-smash-phone-hammer/
492,None,9,a,NOT LEAF,https://www.snopes.com/fact-check/hillary-clinton-smash-phone-hammer/
493,None,8,li,NOT LEAF,https://www.snopes.com/fact-check/hillary-clinton-smash-phone-hammer/
494,None,9,a,NOT LEAF,https://www.snopes.com/fact-check/hillary-clinton-smash-phone-hammer/
495,None,8,li,NOT LEAF,https://www.snopes.com/fact-check/hillary-clinton-smash-phone-hammer/
496,None,9,a,NOT LEAF,https://www.snopes.com/fact-check/hillary-clinton-smash-phone-hammer/
497,None,8,li,NOT LEAF,https://www.snopes.com/fact-check/hillary-clinton-smash-phone-hammer/
498,None,9,a,NOT LEAF,https://www.snopes.com/fact-check/hillary-clinton-smash-phone-hammer/
499,None,8,li,NOT LEAF,https://www.snopes.com/fact-check/hillary-clinton-smash-phone-hammer/
500,None,9,a,NOT LEAF,https://www.snopes.com/fact-check/hillary-clinton-smash-phone-hammer/
501,None,8,li,NOT LEAF,https://www.snopes.com/fact-check/hillary-clinton-smash-phone-hammer/
502,None,9,a,NOT LEAF,https://www.snopes.com/fact-check/hillary-clinton-smash-phone-hammer/
503,None,8,li,NOT LEAF,https://www.snopes.com/fact-check/hillary-clinton-smash-phone-hammer/
504,None,9,a,NOT LEAF,https://www.snopes.com/fact-check/hillary-clinton-smash-phone-hammer/
505,None,8,li,NOT LEAF,https://www.snopes.com/fact-check/hillary-clinton-smash-phone-hammer/
506,None,9,a,NOT LEAF,https://www.snopes.com/fact-check/hillary-clinton-smash-phone-hammer/
507,None,8,li,NOT LEAF,https://www.snopes.com/fact-check/hillary-clinton-smash-phone-hammer/
508,None,9,a,NOT LEAF,https://www.snopes.com/fact-check/hillary-clinton-smash-phone-hammer/
509,None,4,div,NOT LEAF,https://www.snopes.com/fact-check/hillary-clinton-smash-phone-hammer/
510,None,5,div,NOT LEAF,https://www.snopes.com/fact-check/hillary-clinton-smash-phone-hammer/
511,None,6,div,NOT LEAF,https://www.snopes.com/fact-check/hillary-clinton-smash-phone-hammer/
512,None,7,div,NOT LEAF,https://www.snopes.com/fact-check/hillary-clinton-smash-phone-hammer/
513,None,8,h2,NOT LEAF,https://www.snopes.com/fact-check/hillary-clinton-smash-phone-hammer/
514,None,9,a,NOT LEAF,https://www.snopes.com/fact-check/hillary-clinton-smash-phone-hammer/
515,None,10,img,,https://www.snopes.com/fact-check/hillary-clinton-smash-phone-hammer/
516,None,7,div,NOT LEAF,https://www.snopes.com/fact-check/hillary-clinton-smash-phone-hammer/
517,None,8,div,NOT LEAF,https://www.snopes.com/fact-check/hillary-clinton-smash-phone-hammer/
518,None,9,a,NOT LEAF,https://www.snopes.com/fact-check/hillary-clinton-smash-phone-hammer/
519,None,10,i,,https://www.snopes.com/fact-check/hillary-clinton-smash-phone-hammer/
520,None,9,a,NOT LEAF,https://www.snopes.com/fact-check/hillary-clinton-smash-phone-hammer/
521,None,10,i,,https://www.snopes.com/fact-check/hillary-clinton-smash-phone-hammer/
522,None,9,a,NOT LEAF,https://www.snopes.com/fact-check/hillary-clinton-smash-phone-hammer/
523,None,10,i,,https://www.snopes.com/fact-check/hillary-clinton-smash-phone-hammer/
524,None,9,a,NOT LEAF,https://www.snopes.com/fact-check/hillary-clinton-smash-phone-hammer/
525,None,10,i,,https://www.snopes.com/fact-check/hillary-clinton-smash-phone-hammer/
526,None,7,div,NOT LEAF,https://www.snopes.com/fact-check/hillary-clinton-smash-phone-hammer/
527,None,8,p,NOT LEAF,https://www.snopes.com/fact-check/hillary-clinton-smash-phone-hammer/
528,None,9,span,,https://www.snopes.com/fact-check/hillary-clinton-smash-phone-hammer/
529,None,9,a,NOT LEAF,https://www.snopes.com/fact-check/hillary-clinton-smash-phone-hammer/
530,None,9,a,NOT LEAF,https://www.snopes.com/fact-check/hillary-clinton-smash-phone-hammer/
531,None,3,div,NOT LEAF,https://www.snopes.com/fact-check/hillary-clinton-smash-phone-hammer/
532,None,4,form,NOT LEAF,https://www.snopes.com/fact-check/hillary-clinton-smash-phone-hammer/
533,None,5,div,NOT LEAF,https://www.snopes.com/fact-check/hillary-clinton-smash-phone-hammer/
534,None,6,div,NOT LEAF,https://www.snopes.com/fact-check/hillary-clinton-smash-phone-hammer/
535,None,7,label,NOT LEAF,https://www.snopes.com/fact-check/hillary-clinton-smash-phone-hammer/
536,None,7,input,,https://www.snopes.com/fact-check/hillary-clinton-smash-phone-hammer/
537,None,6,div,NOT LEAF,https://www.snopes.com/fact-check/hillary-clinton-smash-phone-hammer/
538,None,7,label,NOT LEAF,https://www.snopes.com/fact-check/hillary-clinton-smash-phone-hammer/
539,None,7,textarea,,https://www.snopes.com/fact-check/hillary-clinton-smash-phone-hammer/
540,None,6,div,NOT LEAF,https://www.snopes.com/fact-check/hillary-clinton-smash-phone-hammer/
541,None,7,div,NOT LEAF,https://www.snopes.com/fact-check/hillary-clinton-smash-phone-hammer/
542,None,8,input,,https://www.snopes.com/fact-check/hillary-clinton-smash-phone-hammer/
543,None,8,label,NOT LEAF,https://www.snopes.com/fact-check/hillary-clinton-smash-phone-hammer/
544,None,9,a,NOT LEAF,https://www.snopes.com/fact-check/hillary-clinton-smash-phone-hammer/
545,None,9,a,NOT LEAF,https://www.snopes.com/fact-check/hillary-clinton-smash-phone-hammer/
546,None,6,div,NOT LEAF,https://www.snopes.com/fact-check/hillary-clinton-smash-phone-hammer/
547,None,7,div,,https://www.snopes.com/fact-check/hillary-clinton-smash-phone-hammer/
548,None,7,button,NOT LEAF,https://www.snopes.com/fact-check/hillary-clinton-smash-phone-hammer/
549,None,5,input,,https://www.snopes.com/fact-check/hillary-clinton-smash-phone-hammer/
550,None,5,input,,https://www.snopes.com/fact-check/hillary-clinton-smash-phone-hammer/
551,None,5,input,,https://www.snopes.com/fact-check/hillary-clinton-smash-phone-hammer/
552,None,5,input,,https://www.snopes.com/fact-check/hillary-clinton-smash-phone-hammer/
553,None,5,input,,https://www.snopes.com/fact-check/hillary-clinton-smash-phone-hammer/
554,None,3,div,NOT LEAF,https://www.snopes.com/fact-check/hillary-clinton-smash-phone-hammer/
555,None,4,div,NOT LEAF,https://www.snopes.com/fact-check/hillary-clinton-smash-phone-hammer/
556,None,5,div,NOT LEAF,https://www.snopes.com/fact-check/hillary-clinton-smash-phone-hammer/
557,None,6,div,NOT LEAF,https://www.snopes.com/fact-check/hillary-clinton-smash-phone-hammer/
558,None,7,div,NOT LEAF,https://www.snopes.com/fact-check/hillary-clinton-smash-phone-hammer/
559,None,8,button,NOT LEAF,https://www.snopes.com/fact-check/hillary-clinton-smash-phone-hammer/
560,None,9,span,NOT LEAF,https://www.snopes.com/fact-check/hillary-clinton-smash-phone-hammer/
561,None,8,h4,,https://www.snopes.com/fact-check/hillary-clinton-smash-phone-hammer/
562,None,7,div,NOT LEAF,https://www.snopes.com/fact-check/hillary-clinton-smash-phone-hammer/
563,None,3,div,NOT LEAF,https://www.snopes.com/fact-check/hillary-clinton-smash-phone-hammer/
564,None,4,center,NOT LEAF,https://www.snopes.com/fact-check/hillary-clinton-smash-phone-hammer/
565,None,5,span,,https://www.snopes.com/fact-check/hillary-clinton-smash-phone-hammer/
566,None,4,span,NOT LEAF,https://www.snopes.com/fact-check/hillary-clinton-smash-phone-hammer/
567,None,3,div,NOT LEAF,https://www.snopes.com/fact-check/hillary-clinton-smash-phone-hammer/
